,frame,pos_x,pos_y,maxx,maxy,minx,miny
0,1.0,324.6176246800858,85.96084941550805,369,105,278,64
1,2.0,337.2175072206176,85.81337480559876,378,104,300,64
2,3.0,337.7859126114277,85.31930439865555,374,104,298,64
3,4.0,338.2425868593051,81.27622979016168,371,103,298,53
4,5.0,341.25310190994,77.89627770807193,370,105,309,46
5,6.0,331.4676918297608,79.33302267785027,357,109,305,49
6,7.0,325.7781000087881,83.31039634414272,352,112,302,56
7,8.0,328.8625162127107,83.24445354631715,353,120,305,48
8,9.0,328.4886745907154,86.54937579427374,354,120,304,56
9,10.0,329.25534834907563,89.65883587632194,356,121,304,63
10,11.0,328.3522501906941,86.59138062547673,362,109,291,61
11,12.0,325.1738059135709,86.69686631286328,369,108,278,62
12,13.0,336.2179274802135,84.81501932633904,381,103,291,61
13,14.0,336.47805976507817,85.18538129146125,383,104,293,61
14,15.0,337.75268620268616,85.23846153846154,383,104,294,61
15,16.0,336.16879687968793,85.44908490849085,382,104,291,61
16,17.0,334.71003058103975,85.34140672782874,379,104,293,62
17,18.0,322.68875016780777,84.27144583165526,370,104,280,63
18,19.0,309.2931070171807,83.89084385565445,350,103,268,63
19,20.0,292.1828138163437,80.67944397641112,332,102,252,59
20,21.0,279.3845722075214,81.2390345601796,318,103,242,61
21,22.0,272.21722661396575,79.25971673254281,306,102,239,58
22,23.0,268.08805476864967,81.46970412338683,306,103,234,60
23,24.0,266.53956889915315,83.07859892224788,304,105,233,62
24,25.0,261.38081130355516,82.56388635673048,300,104,227,62
25,26.0,262.8034682080925,82.93487475915221,302,105,229,62
26,27.0,263.9842409240924,82.81773927392739,298,105,234,61
27,28.0,260.5597468770545,82.77769559500328,296,104,229,62
28,29.0,257.11422663358144,82.8923076923077,289,109,227,60
29,30.0,251.71944101931769,81.50020550760378,287,106,216,60
30,31.0,241.66761655980366,83.76300166231299,278,105,204,63
31,32.0,241.21722480241178,83.68801434042206,277,105,204,63
32,33.0,238.3647337458935,83.91122316448926,275,105,199,64
33,34.0,236.54344569288386,85.70561797752809,274,107,200,66
34,35.0,234.17259695845155,82.77996070726915,271,103,198,62
35,36.0,236.5529987760098,83.83761729906159,271,106,204,63
36,37.0,237.08806770571474,83.67873303167421,270,109,206,63
37,38.0,234.56913157035584,83.21245510936988,266,104,203,62
38,39.0,230.57997960304382,83.61520357731231,263,105,196,63
39,40.0,226.05658932536946,84.59552798836052,259,105,191,64
40,41.0,224.93745751189667,82.90044565299493,262,104,183,62
41,42.0,214.21950153038915,81.51034834572219,255,104,171,61
42,43.0,203.89210354579075,80.42389964469581,248,99,155,61
43,44.0,190.91001671986623,79.63809089527282,232,96,146,59
44,45.0,170.61182577296321,81.25314075077107,211,98,126,62
45,46.0,159.87805886243385,79.63607804232804,197,98,122,61
46,47.0,137.49559573481687,79.87584608252202,169,98,105,61
47,48.0,124.09309048858051,80.7355690469307,154,99,94,62
48,49.0,121.52177263969172,82.25061014771997,149,100,98,66
49,50.0,121.79907407407407,84.08179012345678,147,100,101,68
50,53.0,116.29739229024942,73.09206349206349,140,97,98,44
51,54.0,113.87325349301398,76.00188511865159,135,100,94,46
52,55.0,116.71793172025191,80.34592862667108,139,101,94,57
53,56.0,118.05795206971676,82.11655773420479,146,100,91,62
54,57.0,128.0079625758933,81.52383796158057,166,99,93,63
55,58.0,135.22343027996737,82.99402011416146,178,100,96,65
56,59.0,139.7768580789791,81.81203655802724,180,100,101,63
57,60.0,145.23554913294797,82.08437700706486,189,101,104,63
58,61.0,155.02556920203978,82.32471450118508,206,101,108,63
59,62.0,157.0469852352898,82.92101243726816,205,99,110,64
60,63.0,165.41476774758982,82.54732690622261,214,99,118,63
61,64.0,161.98164097914778,81.10169235418554,204,100,119,61
62,65.0,172.94744386048734,81.91296384774645,215,100,131,62
63,66.0,178.4440721238232,83.94447103877454,221,101,139,63
64,67.0,186.29663307938068,80.67322028344392,227,98,148,61
65,68.0,187.2004043467273,82.79563642490102,226,100,148,63
66,69.0,188.36977573904178,82.41063540604824,227,100,150,63
67,70.0,189.20567737548868,81.99116097229305,228,99,152,62
68,71.0,191.97484762640568,81.54554038973302,231,100,158,61
69,72.0,194.95447112488165,81.56201050004303,234,100,161,61
70,73.0,193.85901667089786,82.62528560548363,231,103,160,61
71,74.0,193.62276917871944,83.25272773407765,232,103,160,62
72,75.0,193.058908045977,82.42494929006085,233,103,159,62
73,76.0,193.47996888370284,83.06985608712563,239,103,157,63
74,77.0,194.5270302452965,84.75359212510915,239,104,159,64
75,78.0,194.2991056910569,84.04658536585366,233,103,159,63
76,79.0,193.7780493766805,85.04799152611423,232,105,159,64
77,80.0,194.39632734530937,85.37732534930139,234,105,159,64
78,81.0,194.68720152817573,85.40846864056032,235,106,159,64
79,82.0,194.89946583751893,85.3988678944431,236,106,159,64
80,83.0,195.36245412478058,85.39532471677038,236,106,160,64
81,84.0,193.50382592061214,82.04017216642755,237,104,157,60
82,85.0,191.89703739679456,82.41719281204468,236,101,156,61
83,86.0,193.7690931715663,84.01804324156167,241,104,157,64
84,87.0,197.82135476463836,84.20597014925373,248,104,159,65
85,88.0,199.30163834022352,85.04325524421986,248,105,160,65
86,89.0,197.13539636127354,82.69582521117609,239,103,160,62
87,90.0,193.96777416937297,84.37063868765092,231,104,160,63
88,91.0,196.35371106693174,84.53727634194831,233,105,161,63
89,92.0,194.5001300390117,83.06051148677936,229,103,163,60
90,93.0,190.20030082727502,81.20364335255285,222,103,161,59
91,94.0,188.59913634693126,83.43706357956633,220,104,161,60
92,95.0,190.81643907563026,83.65686274509804,221,104,162,62
93,96.0,191.11344755970924,84.06317064728279,222,105,162,62
94,97.0,191.4159779614325,84.28159435261708,222,106,163,62
95,98.0,191.55225155942918,84.3767410065795,222,106,163,62
96,99.0,190.86255530973452,85.51336651917404,222,106,163,63
97,100.0,190.2490275893261,82.76490275893259,223,104,162,60
98,101.0,188.11069114470843,81.64974802015837,221,102,160,59
99,102.0,186.09653420431863,80.35601524224279,220,102,158,58
100,103.0,184.8136804492088,80.54713289093074,217,103,157,57
101,104.0,184.4119782214156,80.68179068360556,219,104,157,57
102,105.0,184.8826265879406,81.60422258006798,219,104,158,59
103,106.0,185.16966067864269,81.82407911449826,216,105,158,59
104,107.0,183.98001238171042,81.34085080038913,213,105,158,59
105,108.0,183.1167172134914,82.58735410348314,210,105,158,60
106,109.0,182.17855794639485,83.28576821442053,209,105,157,61
107,110.0,182.25348215989314,83.73430643007059,208,105,158,61
108,111.0,182.67950533371092,84.49230623996979,209,107,158,62
109,112.0,182.22472872644204,84.26242147344375,208,106,158,61
110,113.0,182.8477819657872,84.84236976901516,209,107,158,62
111,114.0,182.9724580267874,84.43086210149028,209,107,158,61
112,115.0,183.01133198886006,84.68280034572169,209,108,158,62
113,116.0,182.876546818669,84.45727370164668,209,107,158,62
114,117.0,182.9128831975165,84.82945285215366,209,108,158,62
115,118.0,183.78492132445214,85.04430929626412,210,108,159,62
116,119.0,183.83424670704738,85.21372944909143,210,108,158,62
117,120.0,183.77697285810873,85.32773109243698,210,108,158,63
118,121.0,183.76532483830485,85.34665508253693,210,108,158,63
119,122.0,183.78645080466413,85.48048568950564,210,108,158,63
120,123.0,183.86485697606537,85.51965362911072,210,108,158,63
121,124.0,183.95612502426712,85.71762764511745,210,108,158,63
122,125.0,183.92229924898902,85.83872520700942,210,110,158,63
123,126.0,183.9938802830369,86.06741250717154,210,110,159,63
124,127.0,181.6698948533481,83.3895960154953,207,108,157,59
125,128.0,181.36806668804104,86.41573153788606,206,110,157,61
126,129.0,180.1147902869757,86.96975717439292,204,111,157,61
127,130.0,179.8230135814351,86.53833814565287,202,111,157,63
128,131.0,177.66064321824243,86.89921480047326,201,110,154,65
129,132.0,178.62142135399125,86.85124059728302,201,111,156,65
130,133.0,179.139293598234,87.61026490066226,201,112,157,65
131,134.0,176.9645259938838,87.35461773700305,199,111,155,64
132,135.0,179.41637261820748,86.91366737238296,201,111,157,63
133,136.0,181.26903390914907,86.54798464491363,204,111,157,63
134,137.0,181.52077121844562,86.37040349831047,206,111,156,64
135,138.0,184.3291654262181,87.13267837650093,213,109,155,64
136,139.0,186.08206308120023,87.63244176013805,218,110,156,65
137,140.0,190.1940834946088,86.37913556354252,226,108,158,65
138,141.0,193.40856300918702,85.64915929970532,233,105,159,65
139,142.0,194.97030476686638,83.46166536424415,236,104,162,63
140,143.0,193.44278728606358,84.10578647106763,239,104,160,63
141,144.0,194.56207603722982,83.80604196245464,242,104,159,64
142,145.0,196.64444444444442,85.70056882821387,245,107,160,66
143,146.0,200.06337976269438,85.60026531063454,248,107,163,66
144,147.0,199.68182164343918,85.63369126494554,242,105,164,64
145,148.0,200.4602464484734,84.50671061926066,242,104,165,64
146,149.0,210.42489660876757,82.03804797353185,251,99,173,61
147,150.0,215.3284120734908,81.46637139107611,256,101,181,60
148,151.0,229.35698642137538,77.97036063658928,266,102,194,55
149,152.0,236.31213777115414,82.13437655240934,276,101,201,61
150,153.0,249.94845605700712,79.8562945368171,290,103,215,57
151,154.0,261.5459156635627,83.22825346354757,305,104,226,61
152,155.0,278.13042843588056,81.58601561929785,327,103,233,61
153,156.0,305.8394798136646,79.80564182194617,354,103,260,57
154,157.0,317.6814054205085,83.8109108689578,360,103,273,61
155,158.0,329.7790885064139,82.76200605943401,371,103,289,60
156,159.0,337.5022665457842,83.83204895738893,371,106,304,61
157,160.0,344.2367233029631,84.97004021997866,373,106,313,63
158,161.0,338.2395729062396,86.77377377377377,368,114,311,63
159,162.0,335.317908375752,89.962748727441,362,127,310,62
160,163.0,329.8522718134298,88.96823482106956,357,121,303,62
161,164.0,325.91174637100363,90.12788315967583,354,120,295,63
162,165.0,322.40119047619044,89.24455782312924,353,120,287,61
163,166.0,315.89332431213353,88.63343858066456,352,106,268,65
164,167.0,303.28341516639387,83.99672667757774,347,104,251,66
165,168.0,289.73979381443297,79.66364261168384,337,105,240,55
166,169.0,297.8203377386197,79.17503671071952,340,104,257,52
167,170.0,296.96898208824814,77.58497160332023,340,106,258,45
168,171.0,296.33603642054345,75.45703514013373,338,106,262,37
169,172.0,309.58851836790024,77.82038769147348,345,103,274,49
170,173.0,326.61022473837704,87.44192828958654,353,120,301,61
171,174.0,333.4392893964628,85.57673090649536,372,109,302,61
172,175.0,347.622027534418,86.31476846057572,397,105,309,64
173,176.0,346.6716769149017,84.18454414332346,385,102,312,61
174,177.0,341.3579696543094,85.08657907085875,373,104,310,62
175,178.0,340.98953117888027,83.60309512972235,381,103,307,59
176,179.0,349.524915889037,82.92553799276328,398,101,305,60
177,180.0,358.4382064807837,82.85625470987189,406,102,312,61
178,181.0,373.5503383060243,82.56150648080215,415,103,338,62
179,182.0,381.1488853503185,78.25884642604387,420,102,352,53
180,183.0,375.6966868875408,75.30836833100015,405,102,345,43
181,184.0,374.505376344086,69.70167846839759,405,103,341,26
182,185.0,376.7832599657618,64.92015162631449,405,103,343,14
183,186.0,378.73213777398234,58.35018502704241,405,103,345,0
184,187.0,374.76244893452576,60.5854587611792,404,104,340,9
185,188.0,368.7120879120879,74.54731934731934,400,104,337,43
186,189.0,368.6795160617438,82.32832707551104,397,105,340,57
187,190.0,372.2693171608266,80.7118149146451,394,106,348,59
188,191.0,363.4825482887157,81.20072291878459,387,103,339,59
189,192.0,353.22711931705373,77.63946793726424,379,97,326,55
190,193.0,336.39845474613685,81.73436350257542,373,103,296,59
191,194.0,317.5917761763459,77.99477179595874,358,97,270,57
192,195.0,281.84378897938217,77.32731675104556,323,96,239,58
193,196.0,274.2584431319097,75.4858397698016,316,101,236,52
194,197.0,275.4597674597674,73.18949718949719,315,102,243,46
195,198.0,275.8380996309963,70.92504612546125,314,103,245,40
196,199.0,282.23769440436104,79.96312329645662,322,104,235,58
197,200.0,281.02829504232164,82.02756952841597,321,104,237,59
198,201.0,280.01399491094145,82.23886768447836,320,105,236,59
199,202.0,283.3397154940407,80.09250288350634,323,104,239,57
200,203.0,289.36747548493304,78.64054112089327,324,106,246,54
201,204.0,288.2130696225458,79.0856335579222,324,105,241,55
202,205.0,285.61890989988876,82.02536151279199,324,105,243,59
203,206.0,285.6232694928628,80.21469048131411,324,105,243,57
204,207.0,288.1510611735331,78.52476071577195,323,106,247,54
205,208.0,288.72335312411644,79.6241164828951,324,106,244,56
206,209.0,288.3239014403743,80.14345251151569,323,106,244,56
207,210.0,288.79849424269264,81.15987599645705,323,106,246,57
208,211.0,288.8020787586005,82.80515297906601,324,106,248,59
209,212.0,288.49844037998014,83.81965121225011,327,106,241,63
210,213.0,288.69443877203724,85.3160438363624,326,106,246,62
211,214.0,288.5854200323102,85.49764404954227,326,106,246,62
212,215.0,288.60665441926926,85.27114377083758,326,106,246,61
213,216.0,288.3044944593571,84.88381856975704,326,106,245,61
214,217.0,289.20698640749345,82.14268610465525,325,106,246,58
215,218.0,289.1074185248714,82.12935963407661,325,106,247,58
216,219.0,288.97074391988554,83.00772532188842,324,107,246,60
217,220.0,288.5892666239042,82.90435464328985,324,106,245,60
218,221.0,288.32610697839175,83.0670917463691,324,106,245,60
219,222.0,288.2731137088204,83.09195890896208,324,106,245,60
220,223.0,287.985692024366,83.16362090947726,324,107,245,60
221,224.0,287.65097958624466,83.643170297301,324,106,244,60
222,225.0,287.605493133583,83.51366347621028,324,107,244,60
223,226.0,289.5317038611406,81.79518243003896,324,106,247,58
224,227.0,289.02312925170065,81.72688865019691,323,106,248,58
225,228.0,289.1990346394094,83.09156729131176,324,106,247,60
226,229.0,289.18060271646857,83.60604131295982,325,107,247,60
227,230.0,287.7820266324859,83.56697286904507,324,106,248,59
228,231.0,284.08419055956807,83.83869555701466,322,106,245,60
229,232.0,280.0781215712091,84.33574720210665,319,106,240,61
230,233.0,279.73851564743035,84.69788975021532,318,106,240,61
231,234.0,276.95315047133033,84.74137075625487,315,106,238,61
232,235.0,277.41463243546576,85.37198372615039,316,106,238,61
233,236.0,277.2436006222599,85.52863809927874,316,106,239,62
234,237.0,276.8406136799489,85.65388166773208,316,106,238,62
235,238.0,276.7747556311092,85.84006233177503,316,106,238,62
236,239.0,276.39963896410467,86.09921544122751,316,106,238,62
237,240.0,276.49282329988847,86.27954292084726,315,106,238,62
238,241.0,276.4303524167711,86.15642847193202,315,106,238,62
239,242.0,275.98735489220564,86.2600884466556,315,106,237,62
240,243.0,282.75825757575757,82.84174242424241,322,106,240,59
241,244.0,283.8341851220897,85.53542021578649,322,107,242,62
242,245.0,283.1929338167342,84.59401435984928,322,106,241,61
243,246.0,283.62914428929463,84.86802721088435,322,106,240,61
244,247.0,281.7769592366519,85.30141022942539,321,107,238,62
245,248.0,281.04155337098234,85.38450812242905,320,107,237,63
246,249.0,280.37167465444185,85.20115301798985,320,106,236,63
247,250.0,279.87341597796143,85.49490358126721,319,107,236,63
248,251.0,279.58558006535947,85.79173474945533,319,107,236,63
249,252.0,279.2729483282675,85.82911178655858,319,107,236,63
250,253.0,279.2684790694529,85.84526949347399,319,107,236,63
251,254.0,283.0560384425129,83.000211999152,322,106,239,60
252,255.0,286.3112634811799,84.07006642382687,323,106,248,60
253,256.0,286.297165410836,83.87800502332256,323,106,248,60
254,257.0,284.68279115617514,85.45021827911562,323,107,245,62
255,258.0,284.62399556663894,84.83333333333333,323,107,242,61
256,259.0,284.48660213243545,84.9367985409652,322,107,241,61
257,260.0,283.38258950815003,85.60338814150472,322,107,243,62
258,261.0,281.7998866213152,85.88208616780045,320,107,240,63
259,262.0,279.6461858716089,86.83024442653773,319,107,238,63
260,263.0,279.3616059379217,87.07624831309042,319,107,238,63
261,264.0,278.91797451374913,87.05942320590208,319,107,237,63
262,265.0,278.5289338089576,86.3868410622275,319,107,236,63
263,266.0,282.31369351002377,85.96948691811076,322,107,238,62
264,267.0,282.02394415357765,86.35183246073298,321,107,241,62
265,268.0,278.47881780449404,84.42228424216403,318,105,240,61
266,269.0,279.30627108249,82.97240110395585,317,105,242,60
267,270.0,276.67834208990075,85.90651321824701,307,107,245,62
268,271.0,272.89513576545056,85.80293186739964,300,109,245,62
269,272.0,273.2892411856989,86.31359920733217,300,109,245,62
270,273.0,274.3683939159577,85.66262782504081,300,109,247,62
271,274.0,273.18247468075737,87.2701012769705,299,110,246,63
272,275.0,273.7380632446475,87.91650989877273,299,110,247,63
273,276.0,274.2891741782755,88.40480742966403,299,111,248,64
274,277.0,274.29877826404083,88.37809992706053,299,111,248,64
275,278.0,274.29158708503866,88.43428831286947,299,111,248,64
276,279.0,274.5695227862834,87.96150058196794,300,112,248,63
277,280.0,275.28270702853166,86.62752261656227,300,111,249,62
278,281.0,275.4912280701754,86.97415953677296,301,111,249,62
279,282.0,272.85746549560855,87.91300710999582,300,111,245,64
280,283.0,271.2977532581754,87.62908771088189,300,111,244,63
281,284.0,272.09065315315314,87.97932754182754,300,111,244,63
282,285.0,272.07340050790526,88.1989022691898,300,111,245,64
283,286.0,271.6685795076513,88.43937125748504,300,111,244,64
284,287.0,271.8133533133533,88.72019647019646,300,112,244,65
285,288.0,272.2652489284536,87.5167326079789,300,111,245,63
286,289.0,273.81891067538123,87.02126361655773,301,110,247,63
287,290.0,273.62631578947367,88.19008771929823,301,111,246,64
288,291.0,273.92220450115184,87.99707602339181,301,111,247,64
289,292.0,273.77167502860664,88.20640788662969,301,111,246,64
290,293.0,273.7996641922941,88.24787910922588,300,111,246,64
291,294.0,273.78473511983725,88.34509595825594,301,111,246,65
292,295.0,274.09549118611034,88.57897067942244,301,112,247,65
293,296.0,274.07768624324564,88.67251306581628,301,112,247,65
294,297.0,273.9957356076759,88.62126865671642,300,112,247,65
295,298.0,274.03501773049646,88.64982269503545,301,112,247,65
296,299.0,274.1045078358866,88.45571403416093,301,111,247,64
297,300.0,274.0477448907681,88.14085623678648,301,111,247,64
298,301.0,274.18904086457275,85.91590678824721,301,110,247,61
299,302.0,266.096167008898,82.96800136892539,300,106,230,60
300,303.0,266.4012053379251,84.7478117376955,302,106,222,62
301,304.0,257.95758553471796,85.01895543456342,298,106,212,63
302,305.0,240.34256539376133,83.64708350818296,285,104,193,62
303,306.0,229.627812284334,83.92670807453416,274,103,181,63
304,307.0,212.5247484082974,83.17902375573354,258,102,159,62
305,308.0,182.05174568173464,81.94737228959941,229,100,129,62
306,309.0,171.02256025867135,80.82679306290417,214,98,121,61
307,310.0,147.90204528353513,81.03857993022778,197,99,92,62
308,311.0,118.01904761904763,80.29447895100068,164,98,63,60
309,312.0,106.02081207916751,78.81962864721486,156,98,50,61
310,313.0,104.97177571504037,82.1458003169572,152,98,52,63
311,314.0,112.34053999187982,81.20026390580591,150,97,79,65
312,315.0,86.22992957746479,81.06924882629107,116,99,56,65
313,316.0,84.05260729118596,81.81295185356099,109,98,47,67
314,317.0,61.203747534516765,75.0145956607495,107,96,14,52
315,318.0,69.71268715524033,75.21182033096926,100,95,30,58
316,319.0,65.86053378762067,68.20579216354344,107,98,17,39
317,320.0,71.70634027386981,68.53263927968486,110,97,30,43
318,321.0,72.86235638657355,62.29841555905984,107,98,38,23
319,322.0,73.63165875527426,55.207871835443036,104,100,43,4
320,323.0,72.60853494623656,55.667674731182785,104,100,42,0
321,324.0,75.38714680693235,57.14572796547306,112,100,37,9
322,325.0,93.30162732065092,73.51531820612728,143,97,40,49
323,326.0,105.94435947855217,70.77707377467044,145,97,67,45
324,327.0,110.01334913112164,74.6060821484992,148,99,65,54
325,328.0,108.92833607907743,80.04475562877539,147,99,63,60
326,329.0,104.46856111862877,79.4086603518268,145,98,58,61
327,330.0,102.93949594337994,81.37994130847574,146,99,59,64
328,331.0,99.48246901500326,81.19406392694063,144,97,51,62
329,332.0,100.54327191513121,81.53284943234691,140,97,60,62
330,333.0,97.73864801864801,79.216317016317,131,98,64,60
331,334.0,92.54795501022494,80.97750511247443,120,102,68,59
332,335.0,105.67316258351893,81.94849665924276,139,101,74,62
333,336.0,117.8694809571958,80.72126727334008,165,99,77,61
334,337.0,142.73499871233582,83.94875096574813,193,101,99,66
335,338.0,174.3947464163574,82.66979553227097,223,101,133,62
336,339.0,205.33247964276333,78.4869976359338,259,96,159,58
337,340.0,221.416934076451,79.41378145583516,282,99,168,59
338,341.0,244.35907242153826,75.87142596976871,299,96,197,55
339,342.0,251.2641451414514,75.41586715867159,305,106,202,49
340,343.0,259.4443180381747,70.39830615598532,307,99,214,40
341,344.0,253.57707300958043,74.57198546415592,307,105,205,52
342,345.0,245.36523725316826,81.05113468906572,294,105,203,59
343,346.0,258.60365021197094,82.52338866134943,313,102,210,63
344,347.0,262.0914220412827,81.69202199842867,317,99,215,63
345,348.0,262.62012987012986,83.07544836116264,316,104,214,65
346,349.0,262.04676233311915,84.87334903976583,315,108,213,66
347,350.0,262.7805716741887,84.87062110466366,315,108,218,66
348,351.0,262.45805573465145,85.01225016118633,315,108,215,66
349,352.0,260.50672899844164,81.80783397081738,314,107,213,61
350,353.0,267.42274888143174,81.32368568232661,325,107,220,62
351,354.0,273.3892918825561,78.94991364421416,325,106,229,57
352,355.0,264.56513409961684,76.76970443349754,305,110,225,45
353,356.0,255.81042817679557,70.46126841620625,296,106,218,32
354,357.0,252.68720737048784,62.33011126214569,286,107,220,14
355,360.0,246.64538858657733,80.84240267894516,280,106,215,54
356,361.0,245.4509178538521,82.60684669359983,280,107,215,57
357,362.0,245.93425505868794,82.86426153956937,281,108,215,58
358,363.0,249.02661727378745,81.12423681141523,294,107,215,56
359,364.0,251.82351734044735,82.3346330118339,299,108,215,59
360,365.0,251.54360763390108,82.7843901771667,299,108,215,60
361,366.0,252.3571282051282,82.88841025641025,301,108,216,60
362,367.0,252.62139414918886,83.52677662390552,302,108,214,60
363,368.0,252.65537645378495,83.52832755220022,302,109,215,60
364,369.0,253.5123258306538,84.55975348338691,303,109,213,61
365,370.0,253.6863019169329,84.8147630457934,303,109,214,62
366,371.0,254.10637303970637,84.96216216216216,304,110,214,62
367,372.0,254.22030194676202,85.08336644153091,304,110,214,62
368,373.0,254.33765553372623,85.24590700720366,304,110,214,62
369,374.0,254.4819269190326,85.06111987381703,305,109,214,62
370,375.0,254.56425980877017,85.04853280580284,305,110,214,62
371,376.0,254.18640178337265,83.82894046682402,303,109,214,60
372,377.0,251.63358314766052,83.4200931739923,298,107,214,60
373,378.0,255.15851912456534,84.59964546260312,305,109,214,61
374,379.0,255.99918483798655,83.94124040486379,307,108,215,61
375,380.0,258.4453405017921,85.25241246208988,311,109,216,63
376,381.0,258.6681114551084,85.21080151358788,311,108,217,63
377,382.0,258.4065573770492,85.35867486338798,311,109,216,63
378,383.0,258.89259410801964,85.38325150027278,311,109,216,63
379,384.0,258.84258311147516,85.3605024233736,311,109,216,63
380,385.0,258.66912618706016,85.55455352872856,311,110,216,63
381,386.0,258.7588986814238,85.51417640226822,311,110,216,63
382,387.0,258.9523516122407,85.5804066543438,312,110,216,63
383,388.0,259.0394146476151,85.43107613722647,312,110,216,63
384,389.0,259.02665282104533,85.33340256143994,312,109,216,64
385,390.0,258.9134731746672,85.78364932096275,312,110,216,63
386,391.0,249.80455395299143,81.68222489316238,299,107,210,58
387,392.0,248.17572463768113,84.25919732441471,289,109,209,61
388,393.0,249.50197337614554,84.05552210850223,291,109,209,60
389,394.0,252.09800879234547,86.22284716834756,292,109,213,62
390,395.0,252.4080737731347,86.1514154897788,294,109,214,62
391,396.0,252.45162117134433,85.38568499295143,297,109,213,61
392,397.0,252.3875721093554,86.37528216704288,301,109,211,62
393,398.0,254.57219320306956,85.89540207648159,305,109,212,62
394,399.0,262.903584851113,83.08542931483088,310,107,219,62
395,400.0,254.65980536301896,79.79913183504866,302,106,214,58
396,401.0,257.5182865225298,81.4431198221863,306,108,216,59
397,402.0,249.2137239480928,79.94586446454318,298,108,209,56
398,403.0,248.81872137281465,78.6091865040965,295,108,210,54
399,404.0,248.5256909303231,77.70922537952511,293,108,211,53
400,405.0,248.69163763066203,77.48554652213188,293,109,211,53
401,406.0,248.48369634441468,74.73118074130684,291,109,212,50
402,407.0,246.21557295550582,74.83420333084761,286,109,212,46
403,408.0,246.39403444034437,74.04833948339484,286,110,212,45
404,409.0,245.8435080136863,73.12113572243231,286,110,213,43
405,410.0,245.12450378924575,72.8850595452905,284,110,214,42
406,411.0,244.89515226482885,73.22206514696353,285,111,213,42
407,412.0,245.58547843067637,74.21178767974436,286,111,213,44
408,413.0,245.41758906429564,73.9244541220589,284,111,213,44
409,414.0,245.83002936857562,74.75006118453254,286,110,213,47
410,415.0,245.67685047193243,74.35928961748633,284,110,213,47
411,416.0,245.720207253886,74.34844559585493,285,110,213,46
412,417.0,245.54860597088575,74.32309400444116,283,110,214,47
413,418.0,246.6321711177052,75.04185212660731,289,110,214,48
414,419.0,245.9562321006101,74.8718092391981,285,110,213,48
415,420.0,246.830848518314,75.17731149150254,287,110,214,48
416,421.0,245.72576348881867,74.98612401660162,284,110,213,47
417,422.0,246.07238964992388,75.57948249619481,286,110,213,48
418,423.0,246.26677831534545,75.70853492122565,286,109,213,49
419,424.0,246.19884581608326,75.52992096349266,287,110,213,48
420,425.0,246.442715009461,75.46481108466092,289,109,213,48
421,426.0,246.7950788880541,76.26076884547959,287,109,212,49
422,427.0,246.6827160493827,76.11913580246913,289,109,212,49
423,428.0,246.43248582170392,74.82272350729625,284,109,213,48
424,429.0,246.59933097937187,76.46930558136653,290,109,212,50
425,430.0,246.24861189094764,75.43602220974483,286,109,213,48
426,431.0,246.58466312056734,76.75145643363727,288,109,212,50
427,432.0,246.50752024681836,77.38436817071603,288,109,212,51
428,433.0,246.67505120327698,78.04755504352278,289,109,211,52
429,434.0,246.6408079248681,78.12942235944936,289,109,211,52
430,435.0,246.70386818562142,78.14552358885241,289,109,211,52
431,436.0,246.60011732499024,78.25531221483509,289,109,211,53
432,437.0,247.35427089123587,75.68686307207707,290,108,212,50
433,438.0,246.99742914472031,75.37409079508402,287,108,213,49
434,439.0,247.6058086058086,76.65513765513765,293,108,211,50
435,440.0,247.37562845651078,76.44702111613876,291,108,212,50
436,441.0,247.64006199147616,76.8477980111068,291,108,211,51
437,442.0,246.87391632114588,78.12765422791807,291,108,210,52
438,443.0,247.03963512558616,78.48705595169268,292,108,210,53
439,444.0,246.92926750564695,78.42413681832849,290,109,210,53
440,445.0,246.47587719298247,78.51767676767676,289,109,210,53
441,446.0,246.52982107355865,78.75937707090787,291,109,210,53
442,447.0,246.33682936668012,78.59896463627805,289,109,210,53
443,448.0,246.3433145766345,78.83842443729904,288,109,210,54
444,449.0,246.3676460655184,78.97825059101655,288,109,210,54
445,450.0,246.6386632322832,78.90713955485106,289,109,210,54
446,451.0,246.5053506148222,78.85337321369225,289,109,210,53
447,452.0,246.8954325350085,79.01832220913492,291,109,210,54
448,453.0,246.49490925188132,77.72427749320178,290,109,210,52
449,454.0,247.3575047305133,78.13526216199719,293,108,210,52
450,455.0,247.7804910069581,79.26604962583694,294,107,210,54
451,456.0,248.8833629366489,81.4638510624301,297,107,208,57
452,457.0,248.9316007240755,82.06025342642874,297,106,208,57
453,458.0,248.83434580965442,82.25292311712064,297,106,208,58
454,459.0,248.82532177567637,82.24047806671919,297,107,208,58
455,460.0,248.69862475442042,82.50307793058283,297,107,208,59
456,461.0,248.83757006909136,82.53917351062442,297,107,208,59
457,462.0,248.72150157232704,82.6478642557652,297,107,208,59
458,463.0,248.6043991906533,82.67058286012661,297,107,208,59
459,464.0,248.71014208079617,82.56675178419432,297,107,208,59
460,465.0,248.01414762179115,80.56603290442352,296,106,208,56
461,466.0,247.6111219512195,81.31447154471545,295,106,207,57
462,467.0,246.79534337702992,80.74153785951869,290,107,207,57
463,468.0,246.65640820676788,81.42199573674392,291,107,207,58
464,469.0,247.36004760960128,81.03742643655359,293,107,208,58
465,470.0,247.22619765494136,81.45587939698493,293,107,208,58
466,471.0,246.90930626057528,81.94314720812183,293,107,208,59
467,472.0,246.95507746431227,82.10499966172789,293,107,208,59
468,473.0,247.03881044949182,82.14494236409521,293,108,208,60
469,474.0,247.08052319640302,82.37536616935758,293,108,208,60
470,475.0,247.52643350955674,82.48474989833265,293,108,208,60
471,476.0,247.5233353654406,82.5154101469891,293,108,208,60
472,477.0,247.92026064758832,82.4838774687626,294,108,208,60
473,478.0,249.6858374792703,81.36404643449418,298,107,209,58
474,479.0,249.70264317180616,82.0236951007876,296,106,209,58
475,480.0,251.4026415587812,81.90172616712437,300,106,210,58
476,481.0,252.61972394478894,82.94032139761285,301,106,210,60
477,482.0,255.4060917044931,83.7755410828235,305,105,212,61
478,483.0,248.66333089252296,82.87104385322593,284,109,214,63
479,484.0,258.34362013761154,84.53252946385993,310,109,214,63
480,485.0,258.46744585314315,83.46698362387744,309,108,214,61
481,486.0,258.1442365721183,82.62717092469657,307,107,214,61
482,487.0,256.2638467246846,82.87836470350132,302,107,214,61
483,488.0,258.6507180199854,84.14115544967242,305,108,216,63
484,489.0,261.3111111111111,85.87373447946514,306,109,219,64
485,490.0,263.6701090074584,85.94791865876202,309,108,221,64
486,491.0,265.3465862697067,86.3288110043339,310,109,222,65
487,492.0,267.94207027540364,85.29813232035454,310,107,225,64
488,493.0,267.75481785403457,86.34309337311947,308,107,226,64
489,494.0,268.5361850443599,85.45373891001266,307,107,228,62
490,495.0,266.0378314591142,83.6334166319589,301,105,230,61
491,496.0,266.29982245894365,84.05555555555556,298,106,235,61
492,497.0,266.41893165180835,84.92360658114082,301,110,235,61
493,498.0,268.8621044885945,83.96379690949227,304,106,236,62
494,499.0,285.70943487751634,82.84598593257337,316,104,253,61
495,500.0,299.02918537524056,78.31323497968783,323,102,269,57
496,501.0,307.4577339726514,78.44308293375954,332,104,280,54
497,502.0,305.8541508318554,78.47791571657798,328,111,280,47
498,503.0,299.06722841351814,78.83138534021926,320,110,277,45
499,504.0,296.7325015216068,81.77825116656523,319,111,276,54
500,505.0,297.7704725251229,83.96878340816762,320,111,274,61
501,506.0,297.67746670860856,84.9488308692461,321,110,271,63
502,507.0,288.9174944812362,85.60577630610743,318,110,258,65
503,508.0,289.61920808761585,85.63034728072638,318,110,259,64
504,509.0,292.43569217632614,85.25509659515421,315,112,270,61
505,510.0,300.10014528850144,84.7766708177667,328,110,275,62
506,511.0,308.91430719118017,83.46997410841058,346,106,275,61
507,512.0,327.97021887334046,83.31467527807678,373,101,289,62
508,513.0,332.5805306037184,82.52753986491192,379,103,293,62
509,514.0,348.0329886755293,83.11113455722023,395,102,306,63
510,515.0,354.67565774928147,86.3586115410126,403,104,312,67
511,516.0,349.2372950819672,83.54972677595627,395,103,306,63
512,517.0,346.5850439882698,84.16799329702556,387,103,305,62
513,518.0,358.0721194120783,81.70009900236082,396,100,320,61
514,519.0,357.89556509298995,82.62687768240343,386,103,329,61
515,520.0,361.9644976169633,82.3255519891061,388,103,334,61
516,521.0,363.96972458485214,83.17820980153907,388,104,339,60
517,522.0,362.60193384223913,82.53984732824428,386,104,339,59
518,523.0,361.87913991643734,83.04055844288187,386,104,339,59
519,524.0,360.1697127937337,80.06538294168841,382,102,339,57
520,525.0,354.96768515025775,81.7734188356595,376,104,336,58
521,526.0,358.9185157327316,84.65500814842672,379,104,338,63
522,527.0,359.6014598540146,83.36982968369828,380,104,338,61
523,528.0,354.55874769797424,83.77790055248619,376,104,333,60
524,529.0,348.81436354631,84.88608221892025,374,105,323,62
525,530.0,345.06804940573295,83.01786685310338,376,104,308,59
526,531.0,340.82207207207205,83.80862894144143,374,105,301,59
527,532.0,328.62426661827857,83.70277626565051,372,106,274,59
528,533.0,301.60536468859084,83.30479514973361,352,106,238,59
529,534.0,272.47628614916283,78.03543378995434,323,107,217,54
530,535.0,250.99094306162516,83.01266704667806,308,105,192,62
531,536.0,217.49104500856564,81.93391475886413,273,102,153,59
532,537.0,181.11614573700757,80.74952222427716,238,101,119,60
533,538.0,157.4205,82.84116666666667,215,110,92,61
534,539.0,127.73643187066975,85.1733063895304,188,109,59,62
535,540.0,114.81582219459123,85.44793285669878,178,104,43,66
536,541.0,127.65896123757425,80.79771778130697,186,100,69,61
537,542.0,131.6852303268954,76.44027751734484,188,98,87,49
538,543.0,134.097414234511,72.27220942140296,182,99,97,42
539,544.0,147.70573233640525,67.7873992928766,182,104,118,30
540,549.0,167.6689765993773,82.64145827056342,194,106,142,57
541,550.0,168.8689111747851,88.08731295765679,196,120,142,58
542,551.0,161.72309092413334,89.84992140316042,188,121,136,60
543,552.0,160.751354505293,90.82545636409102,186,121,136,61
544,553.0,162.5144428032168,90.63220088626292,187,121,136,62
545,554.0,163.74955523208797,85.20629144428271,195,112,132,61
546,555.0,174.0305108967488,82.55183994283672,221,104,133,60
547,556.0,186.8284518828452,83.04407252440724,238,103,138,62
548,557.0,187.45342539940427,80.62577849986461,243,98,137,61
549,558.0,194.39285941172733,81.05539673464202,251,99,143,61
550,559.0,191.48728987289874,81.81857318573186,248,99,141,63
551,560.0,192.67940552016984,81.92418327511814,247,100,142,63
552,561.0,195.7089904299771,80.70413802399244,249,102,145,61
553,562.0,193.819803198032,81.91150744840782,248,100,142,63
554,563.0,194.61035612237785,82.38420795874276,248,101,144,63
555,564.0,194.49234074998267,82.13467803424135,248,100,143,63
556,565.0,195.04659649122806,82.68631578947368,248,101,145,63
557,566.0,194.55355121675154,82.27023203169213,247,101,145,63
558,567.0,194.51522824787224,82.51515790954491,247,101,144,63
559,568.0,194.63161235717308,82.5193962477077,247,101,144,63
560,569.0,194.78109137055839,82.66998025944726,247,101,144,63
561,570.0,195.0387825233186,82.73258994319377,248,101,145,64
562,571.0,194.77922633041248,82.58766118116405,248,101,145,64
563,572.0,191.3089086260261,80.72554164984524,243,100,142,60
564,573.0,190.85217988328182,82.96491589426707,243,104,141,63
565,574.0,199.3434580965445,82.9052844731857,257,104,146,63
566,575.0,207.07375553818085,81.24902267396403,262,100,153,62
567,576.0,204.09482816149483,81.32832832832833,254,102,151,61
568,577.0,201.59917265403877,82.65578053559764,247,101,152,62
569,578.0,201.5327288810261,83.51068848592068,245,103,152,63
570,579.0,203.35305287759275,83.81638913234005,246,103,153,63
571,580.0,209.01248196248196,83.945670995671,250,107,162,62
572,581.0,205.80377686129802,85.10013747196295,247,111,159,63
573,582.0,206.08048314537498,88.08368768102544,245,111,161,63
574,583.0,210.8935095219588,88.2036533229693,249,111,167,64
